1,Kesley,96,2709
2,Harwell,83,8735
3,Roanne,57,9212
4,Devondra,70,2513
5,Nick,67,3401
6,Nora,93,8896
7,Thomas,95,9437
8,Brant,15,3156
9,Danika,77,4216
10,Natasha,88,8518
11,Roy,62,9665
12,Caleb,92,8134
13,Janeczka,51,9363
14,Marcela,80,5571
15,Noam,64,6975
16,Roley,26,4522
17,Gretna,12,2843
18,Marion,70,7847
19,Bradford,38,8193
20,Eirena,34,1997
21,Gillie,40,8152
22,Kermit,8,1446
23,Farrel,22,2948
24,Ricki,51,7026
25,Fianna,29,4603
26,Isidro,4,7689
27,Doria,73,9281
28,Joyce,96,5874
29,Zulema,43,2074
30,Ellette,83,9800
31,Nobe,35,7091
32,Elbertine,68,1220
33,Bil,91,1446
34,Cornelia,37,2335
35,Collete,15,5934
36,Owen,42,4951
37,Marwin,72,4790
38,Sephira,32,8056
39,Sheelah,69,8383
40,Dalia,43,4033
41,Wells,42,8727
42,Lissy,74,3738
43,Augy,69,8519
44,Caitrin,24,1059
45,Christie,89,1157
46,Ashby,88,9805
47,Hastie,35,5845
48,Vale,13,7297
49,Mercedes,85,5789
50,Adelle,54,2297
51,Jojo,56,9447
52,Rahal,40,5953
53,Seana,32,4732
54,Lotti,34,5441
55,Trstram,51,1886
56,Henrietta,76,8514
57,Mort,1,6098
58,Guenna,91,2646
59,Wilmette,95,5357
60,Esme,34,5576
61,Eleanore,72,5610
62,Dorelle,17,4218
63,Onofredo,32,3882
64,Hillyer,88,5655
65,Brendis,20,2742
66,Kenton,46,5583
67,Meryl,95,6588
68,Tabbie,6,3476
69,Serena,92,3713
70,Vin,72,3294
71,Virgie,35,1204
72,Ignacio,92,8466
73,Andie,9,9615
74,Brewster,86,4858
75,Norbie,39,6457
76,Byrann,50,4400
77,Thaddus,76,4861
78,Eartha,49,3920
79,Humberto,84,307
80,Almira,41,3964
81,Hallie,7,8420
82,Alanson,64,7738
83,Marc,85,9526
84,Abagail,48,2974
85,Susie,91,132
86,Tamma,27,5496
87,Eddi,64,6533
88,Lovell,72,2406
89,Aurie,86,8746
90,Mona,22,4276
91,Jehanna,10,3517
92,Beale,64,2114
93,Gracie,43,4333
94,Hunter,35,6128
95,Jackson,81,6902
96,Benoit,3,9788
97,Ferne,21,1240
98,Hestia,2,7213
99,Tobie,78,2429
100,Lorianna,70,9731
101,Cindi,1,7580
102,Vania,4,7575
103,Thibaud,11,1582
104,Dorris,68,6075
105,Rayner,27,1656
106,Mommy,89,2896
107,Malissa,75,1033
108,Scottie,63,9411
109,Nissie,41,2893
110,Lazar,92,903
111,Lorri,51,9781
112,Sibel,10,1013
113,Cordie,38,3501
114,Traver,79,1724
115,Luis,91,9186
116,Rudd,53,8409
117,Ermengarde,42,1415
118,Mac,46,9174
119,Lani,57,5008
120,Cecilla,13,4551
121,Vi,90,7853
122,Hamid,35,3029
123,Janot,34,1992
124,Stanislaus,36,9146
125,Brigitta,74,5245
126,Issie,8,8855
127,Tessa,84,6526
128,Karna,63,6533
129,Kat,11,1964
130,Salome,9,8617
131,Simone,25,9368
132,Lexie,63,3471
133,Carrie,62,8695
134,Evan,3,1706
135,Nataline,12,6289
136,Alisander,32,3657
137,Derrick,97,8995
138,Lemar,9,7579
139,Simona,83,1351
140,Faythe,20,7977
141,Nerty,92,9415
142,Genny,19,8998
143,Rorke,6,3974
144,Odette,52,3318
145,Jorgan,46,4531
146,Frazer,85,4072
147,Cookie,53,7374
148,Perl,29,715
149,Thain,33,6632
150,Margarita,74,5596
151,Faythe,56,6852
152,Felic,19,7557
153,Chadd,69,3927
154,Jarred,8,34
155,Ranee,28,7426
156,Ber,30,6308
157,Agata,24,1271
158,Sybille,44,4367
159,Mic,97,5235
160,Maribeth,12,5224
161,Edan,68,9586
162,Karisa,75,2117
163,Penni,99,2557
164,Gradeigh,62,6651
165,Florentia,74,6347
166,De,59,3286
167,Minnnie,71,1254
168,Yolande,60,611
169,Monty,98,5726
170,Willamina,72,7695
171,Violetta,1,6825
172,Nydia,68,8170
173,Amalea,84,8661
174,Ruthanne,72,6588
175,Sande,14,4559
176,Cristin,11,8271
177,Uri,43,4162
178,Marve,32,1700
179,Annamaria,31,2852
180,Kaleb,1,4535
181,Cristal,54,3618
182,Evey,97,6483
183,Stephie,57,1344
184,Dara,80,3270
185,Oralia,77,2252
186,Drusie,86,3646
187,Anjela,74,7483
188,Roy,29,754
189,Arlin,81,746
190,Linn,24,4831
191,Jenelle,6,3919
192,Shea,18,2855
193,Giacopo,54,461
194,Lorilee,4,8965
195,Arabele,14,5982
196,Morten,2,1482
197,Chick,19,5679
198,Zelma,50,1218
199,Marjy,41,7248
200,Simmonds,10,3845
201,Hilliary,41,9254
202,Worden,26,7266
203,Dinny,24,1755
204,Erina,54,1421
205,Carlynn,26,3743
206,Gardiner,99,3899
207,Gerianna,6,4685
208,Ogdon,98,288
209,Silvie,92,4109
210,Raymund,15,4045
211,Georgie,17,3856
212,Lennie,43,3947
213,Petey,47,1853
214,Gavrielle,48,6975
215,Lyell,8,6358
216,Quill,88,1981
217,Cal,66,147
218,Beltran,65,1483
219,Holly,76,1054
220,Morgen,55,1187
221,Bourke,87,4503
222,Isaak,94,7760
223,Siouxie,64,1425
224,Alexander,89,8916
225,Constanta,14,5145
226,Bennie,87,1932
227,Neale,49,6901
228,Barbe,50,5358
229,Lizette,8,7790
230,Paquito,15,1959
231,Laurene,52,8375
232,Emalia,95,8481
233,Olivero,46,3296
234,Nert,71,4032
235,Corissa,41,9565
236,Mildred,15,1605
237,Adeline,37,210
238,Edd,63,3965
239,Olga,47,8534
240,Arlana,24,4487
241,Kimmi,76,4314
242,Lilyan,64,2631
243,Riane,77,506
244,Stephi,84,6889
245,Mordecai,27,2727
246,Tommy,17,8715
247,Marsiella,18,7580
248,Sawyer,25,926
249,Janek,86,7537
250,Zsazsa,10,1799
251,Karena,43,9952
252,Windy,95,7989
253,Rees,35,5190
254,Mimi,61,8894
255,Say,17,364
256,Germain,12,421
257,Rania,51,8399
258,Rosina,75,2329
259,Alick,33,7163
260,Sharyl,100,9735
261,Cheri,90,2785
262,Lorry,21,9331
263,Silvana,70,128
264,Amil,75,1155
265,Benoit,22,6398
266,Concettina,82,2414
267,Fair,5,2529
268,Alfy,56,2842
269,Nappy,42,7751
270,Engelbert,100,4987
271,Nydia,42,8019
272,Maximilianus,55,8979
273,Baird,73,1586
274,Suzi,65,6344
275,Terza,30,7669
276,Bettina,54,4727
277,Ebonee,16,4773
278,Travus,73,5791
279,Gill,72,8257
280,Pietrek,53,6551
281,Gerhardine,20,3690
282,Seline,34,2187
283,Georgeanne,31,7749
284,Gallard,19,5506
285,Leonora,1,310
286,Frayda,88,2917
287,Burton,5,4623
288,Cheri,82,6841
289,Olenolin,77,2044
290,Cass,41,1768
291,Ruthi,41,7565
292,Ranice,62,4356
293,Jessa,31,850
294,Kariotta,11,6727
295,Hillier,6,1313
296,Hilary,92,200
297,Audrye,38,7007
298,Flora,42,3686
299,Sybil,78,7663
300,Travis,84,5097
301,Demetra,29,2264
302,Pansie,79,54
303,Ulrikaumeko,68,7425
304,Hermine,3,8167
305,Ivette,69,1710
306,Clayborn,2,2827
307,Arv,53,4740
308,Jasun,46,9547
309,Hershel,8,5365
310,Julianna,60,1807
311,Tess,43,7667
312,Lurline,56,5571
313,Patric,46,6368
314,Allissa,37,1016
315,Kissie,93,1070
316,Lisa,39,807
317,Giacobo,29,333
318,Susannah,87,590
319,Sabrina,4,9637
320,Ric,24,9894
321,Lorant,29,9264
322,Libbie,42,7621
323,Amalea,75,562
324,Misha,29,8632
325,Korey,81,3605
326,Bertina,89,7852
327,Gilberte,23,5805
328,Marielle,26,1949
329,Jared,67,3692
330,Nathanil,86,8584
331,Chantal,34,4768
332,Derek,49,385
333,Eddi,42,8811
334,Camille,4,6764
335,Wren,6,2135
336,Matteo,27,7651
337,Mycah,100,8571
338,Anna-diane,81,6435
339,Jennifer,94,5919
340,Maressa,83,2188
341,Nichols,8,415
342,Sauncho,58,5533
343,Derril,67,7320
344,Ronny,60,2398
345,Luella,46,3668
346,Annora,3,5935
347,Lonny,71,4245
348,Nelly,7,5691
349,Carroll,96,55
350,Archibold,97,8528
351,Brien,69,5527
352,Cody,37,6111
353,Clarinda,45,1976
354,Gasper,77,6959
355,Garold,67,8285
356,Alis,49,6748
357,Karol,54,8694
358,Bobbi,35,5710
359,Elwyn,30,5266
360,Queenie,41,1223
361,Dian,40,9522
362,Brucie,76,8867
363,Gypsy,23,9667
364,Seward,68,8308
365,Thibaud,3,7926
366,Bobbette,80,3059
367,Shelby,24,266
368,Axel,31,375
369,Ivette,5,9467
370,Kerr,46,278
371,Halimeda,55,9633
372,Ansel,92,9743
373,Camilla,8,7484
374,Loren,97,8967
375,Heidie,78,1914
376,Constance,76,6685
377,Mart,29,6053
378,Jimmie,12,5402
379,Marjory,42,2658
380,Lance,35,2712
381,Caryl,39,1705
382,Bobbie,11,4472
383,Layton,63,5648
384,Garth,22,9553
385,Lezley,22,6523
386,Madelyn,100,338
387,Rhodie,26,5823
388,Stavros,49,9554
389,Wolfie,47,8758
390,Creight,42,5081
391,Trish,50,359
392,Falito,56,5781
393,Barton,47,464
394,Lu,58,7808
395,Alfie,18,4091
396,Hephzibah,48,8475
397,Sutton,92,9681
398,Stevana,45,5911
399,Fifi,7,4760
400,Joell,93,9189
401,Tam,25,4243
402,Blinny,38,6920
403,Bethina,59,153
404,Brigham,20,588
405,Claudine,41,6869
406,Batsheva,7,1553
407,Gratia,37,9293
408,Ange,86,6017
409,Miguelita,1,1573
410,Clarita,25,1779
411,Niko,43,9789
412,Vita,51,7654
413,Adey,70,2673
414,Saul,34,5583
415,Ulises,24,1580
416,Cristal,30,3795
417,Kristan,42,7453
418,Merl,24,2834
419,Jenda,12,7836
420,Charlot,58,5954
421,Johnathan,30,6094
422,Sandor,25,673
423,Nehemiah,85,5795
424,Matteo,74,1073
425,Harcourt,28,8467
426,Tim,74,7868
427,Konstanze,51,8989
428,Lilian,55,3016
429,Bruce,75,7804
430,Zarah,69,6680
431,Rolland,61,8076
432,Romeo,78,7798
433,Sophey,37,8977
434,Yank,63,667
435,Pincus,45,7940
436,Berne,77,3672
437,Nicolette,99,6581
438,Rora,10,3952
439,Rosalinde,69,4010
440,Karlik,34,1946
441,Tanny,89,3362
442,Lonny,75,6367
443,Max,58,1710
444,Baron,76,7987
445,Fayette,59,4579
446,Derward,55,5122
447,Pavla,16,1681
448,Brody,41,9046
449,Rozalie,70,3913
450,Yuri,41,5214
451,Kristien,97,2913
452,Durand,100,7930
453,Willa,31,2442
454,Ysabel,32,7600
455,Godfrey,77,4435
456,Chet,93,4685
457,Fonzie,69,5284
458,Rinaldo,11,3319
459,Aguste,4,1724
460,Jack,13,3807
461,Desirae,73,2529
462,Field,93,2392
463,Prince,71,5157
464,Remington,29,5271
465,Dru,89,5937
466,Elka,42,6693
467,Haslett,52,7812
468,Helenka,95,4678
469,Lizabeth,98,4658
470,Gerri,38,6948
471,Jacinthe,68,1591
472,Herschel,63,8189
473,Tandi,12,1696
474,Reeba,39,2873
475,Carroll,89,42
476,Mignon,82,7077
477,Roger,25,6979
478,Jewelle,65,8690
479,Vonnie,45,8029
480,Matthieu,93,6145
481,Marybeth,35,548
482,Luciano,75,8145
483,Teodora,81,9948
484,Diana,1,2944
485,Lilith,52,2990
486,Marten,53,3580
487,Vivia,63,7509
488,Taryn,74,7319
489,Nowell,65,855
490,Marinna,85,1506
491,Ring,73,147
492,Urbano,20,661
493,Dorise,6,6788
494,Ralf,73,8203
495,Beret,6,5187
496,Gisella,98,4510
497,Brandais,53,853
498,Marcellina,69,9653
499,Thaxter,21,5237
500,Gordy,23,2790
501,Cathleen,89,5249
502,Kassie,43,6204
503,Elly,31,3977
504,Jermaine,57,8832
505,Isobel,83,9588
506,Valdemar,6,1901
507,Myron,82,5911
508,Enrichetta,29,4824
509,Hort,42,9932
510,Ardelle,46,3924
511,Dedra,15,2314
512,Whitney,57,8110
513,Cory,2,963
514,Iolande,76,3976
515,Ceciley,62,3983
516,Bathsheba,24,798
517,Abdel,33,7870
518,Maribelle,34,2383
519,Brad,71,8148
520,Bette,82,5093
521,Jessa,75,4518
522,Vanya,29,8967
523,Stacey,49,4744
524,Georg,26,3753
525,Dukie,40,1509
526,Pippy,48,3217
527,Roth,33,5053
528,Katha,74,4793
529,Warren,20,963
530,Nikki,68,2714
531,Stephine,12,7200
532,Margery,34,7966
533,Daffy,43,7247
534,Jeff,78,4258
535,Mellie,77,2304
536,Andrea,96,3628
537,Raina,91,6954
538,Levey,34,4630
539,Alika,87,9094
540,Ferdinanda,91,8988
541,Edi,66,2445
542,Gray,82,7795
543,Chadwick,96,3118
544,Maia,51,3064
545,Codi,93,4810
546,Candace,64,8003
547,Trescha,16,8337
548,Goldi,1,8329
549,Josy,35,3438
550,Gottfried,8,832
551,Calli,52,6374
552,Bea,44,7836
553,Holly,73,9573
554,Crystal,8,1372
555,Bonni,47,4118
556,Astra,86,2728
557,Nil,19,5490
558,Lothaire,61,4807
559,Jacinta,40,4967
560,Kamila,60,2579
561,Kiersten,21,6136
562,Shanta,82,8072
563,Lonni,37,7536
564,Fernande,59,4990
565,Minnaminnie,18,4696
566,Emery,24,2386
567,Wilek,75,3774
568,Cyndie,25,3842
569,Daphne,47,8874
570,Petronille,5,3606
571,Amandie,79,5070
572,Trefor,48,1334
573,Merralee,1,7653
574,Lianne,56,4323
575,Jasen,88,5554
576,Eberto,75,6835
577,Hilary,9,2320
578,Alessandro,56,2156
579,Brigida,22,6005
580,Brendin,80,2585
581,Yolanda,6,3827
582,Hugh,85,9580
583,Wrennie,77,9319
584,Christyna,34,9428
585,Karalee,44,2023
586,Brien,7,6081
587,Ezechiel,23,150
588,Emerson,87,2627
589,Bowie,45,7585
590,Bartholomeo,38,8310
591,Rani,40,24
592,Selestina,48,6167
593,Craggie,32,4863
594,Eal,18,3411
595,Arlyne,76,3439
596,Anderson,79,3767
597,Estrella,76,1939
598,Lula,15,1990
599,Carol-jean,54,9719
600,Anselm,39,3468
601,Vivianna,89,9629
602,Alfi,83,4956
603,Jeremy,60,3859
604,Magda,63,1475
605,Laetitia,52,6035
606,Christy,1,8870
607,Franklyn,5,8235
608,Mikael,42,17
609,Obie,85,3005
610,Bartlet,85,1960
611,Ferdinand,2,7367
612,Tori,75,2881
613,Brnaba,72,7935
614,Regen,89,2891
615,Henrie,43,2054
616,Kaylee,12,7621
617,Cortney,66,1158
618,Kellsie,1,7991
619,Nannette,22,3048
620,Lauritz,7,696
621,Karoly,7,245
622,Burton,53,421
623,Anica,26,5951
624,Lemar,71,1190
625,Monique,57,3078
626,Nicolea,83,6741
627,Morry,48,6237
628,Read,9,4036
629,Verina,67,7684
630,Susana,96,8252
631,Marcelia,87,1124
632,Roldan,51,9240
633,Mildred,7,4762
634,Lin,8,3654
635,Townsend,60,5312
636,Sibby,41,6694
637,Rowan,6,8426
638,Teddy,35,8792
639,Cordey,8,1712
640,Burnard,4,7607
641,Suzanna,88,1215
642,Elene,76,7293
643,Bobbye,11,2821
644,Gisella,12,5197
645,Dniren,66,8588
646,Jesse,74,1485
647,Drusy,96,5997
648,Maximilien,43,1046
649,Barron,71,1213
650,Blinny,83,1595
651,Norbert,15,9226
652,Pippa,99,2854
653,Allyn,85,309
654,Antonius,36,7467
655,Reed,19,4036
656,Gonzales,67,9488
657,Dian,43,2052
658,Matthiew,65,3731
659,Dexter,34,8489
660,Roxanne,61,8599
661,Lambert,2,1158
662,Helenka,21,7214
663,Kate,100,6107
664,Grannie,50,8132
665,Ashleigh,96,8109
666,Rockey,6,1000
667,Bear,28,4504
668,Josy,40,9771
669,Melba,81,2696
670,Meredeth,8,2708
671,Pieter,67,1343
672,Reinhard,56,3505
673,Nobie,61,2371
674,Brigit,26,5881
675,Andy,15,9243
676,Eartha,3,5920
677,Kylila,49,415
678,Nanon,15,9176
679,Ashlen,48,9930
680,Sherman,83,4493
681,Carolus,8,5296
682,Casey,22,2584
683,Therese,77,2446
684,Cairistiona,76,7042
685,Gill,42,269
686,Bartlet,26,5980
687,Magdalen,91,9854
688,Kelsy,88,8700
689,Vaughn,61,2466
690,Annadiana,69,3467
691,Jody,36,7093
692,Husain,54,8045
693,Magdaia,57,2659
694,Maggi,92,2795
695,Carlota,32,3014
696,Ty,13,1218
697,Yank,94,46
698,Martguerita,93,4949
699,Rube,23,1935
700,Samuele,72,2242
701,Bradney,63,6296
702,Wainwright,78,5858
703,Belle,58,16
704,Gwendolin,83,6709
705,Hewitt,35,6504
706,Arvy,52,8719
707,Bert,31,1969
708,Kim,70,145
709,Shel,57,689
710,Dyana,73,8624
711,Sid,46,2319
712,Derby,97,4267
713,Brook,96,2918
714,Olin,39,9438
715,Aurore,86,3491
716,Leon,44,1851
717,Abran,19,3284
718,Bartholomeus,69,8272
719,Stoddard,86,8509
720,Linette,71,6220
721,Gavrielle,90,4962
722,Ellery,16,3823
723,Amelita,56,4414
724,Tami,50,3344
725,Charleen,37,589
726,Warren,9,4018
727,Nonna,80,6547
728,Carmella,16,157
729,Onida,84,9435
730,Annora,89,3400
731,Ophelie,23,1285
732,Willdon,76,1304
733,Lia,3,8120
734,Jock,10,2143
735,Marylin,47,2101
736,Nigel,74,6
737,Paloma,20,364
738,Audy,72,8499
739,Hermy,68,7810
740,Danna,90,2986
741,Eugen,57,1910
742,Luther,1,6351
743,Lory,56,5531
744,Lucio,54,4702
745,Bess,47,7212
746,Batsheva,68,4498
747,Inness,64,9603
748,Zorina,16,9573
749,Muffin,16,9208
750,Peg,99,1886
751,Willa,53,2379
752,Bunni,64,4931
753,Worth,62,2725
754,Almire,63,7875
755,Charmane,3,8630
756,Enrique,84,3420
757,Maury,28,5633
758,Goddart,49,5447
759,Hillyer,54,8517
760,Clarice,28,7849
761,Ruby,3,3594
762,Betsey,4,8971
763,Merola,12,6723
764,Bendite,23,4314
765,Muffin,16,7327
766,Lewes,93,1984
767,Nataline,94,3699
768,Kaylyn,19,5584
769,Marcia,52,2099
770,Ryon,49,3685
771,Lauryn,75,6572
772,Brock,77,5590
773,Morry,86,7169
774,Hermione,38,380
775,Nadiya,29,6459
776,Pippa,2,4663
777,Norman,40,5172
778,Kiersten,49,7921
779,Dud,32,8707
780,Elsworth,11,8259
781,Alfie,11,4155
782,Willow,61,8884
783,Vittorio,86,2519
784,Vinita,36,4750
785,Rowan,91,3860
786,Kasper,86,3127
787,Wolf,36,5720
788,Marlin,66,8674
789,Norrie,75,2607
790,Dory,1,5206
791,Taddeo,16,5014
792,Don,40,4648
793,Nicola,48,5738
794,Shara,55,8984
795,Perry,78,6108
796,Alissa,35,5668
797,Krystalle,66,5078
798,Leslie,80,9664
799,Odelinda,30,5904
800,Nye,69,1654
801,Tania,99,7901
802,Neilla,81,5708
803,Wheeler,93,1190
804,Anthea,65,4934
805,Lew,11,7610
806,Corine,97,2058
807,Alford,97,4683
808,Raleigh,21,5043
809,Bowie,39,6451
810,Shurwood,63,364
811,Dana,76,4910
812,Gibby,98,1957
813,Hayden,44,9760
814,Aguistin,12,261
815,Prudy,76,3843
816,Reena,93,2976
817,Basilio,71,446
818,Marget,60,6822
819,Kane,28,9598
820,Pattie,47,7757
821,Matt,96,2767
822,Zonda,88,6962
823,Chelsy,37,8179
824,Fitzgerald,41,4453
825,Ferdy,52,5415
826,Hanna,55,4591
827,Glendon,29,815
828,Alaine,24,2557
829,Payton,1,6514
830,Marcia,79,7929
831,Wylie,67,3360
832,Amil,29,6447
833,Fernanda,28,1189
834,Sibel,19,3865
835,Tani,10,8280
836,Philomena,29,8527
837,Marita,82,6753
838,Ynes,96,7017
839,Auria,24,4424
840,Courtney,73,4182
841,Ikey,61,5846
842,Sallyann,95,8407
843,Saunders,10,1941
844,Brina,12,4253
845,Thedrick,95,1272
846,Donica,91,576
847,Ileana,47,307
848,Jed,56,6881
849,Darius,50,7927
850,Saba,68,1069
851,Nan,75,7773
852,Waly,39,3308
853,Mord,29,7711
854,Devinne,7,8091
855,Randy,92,9906
856,Heinrik,11,8895
857,Murvyn,99,7807
858,Lay,81,5902
859,Sherlocke,73,7762
860,Andromache,15,1540
861,Timmi,22,7026
862,Kaia,49,2654
863,Cordelia,55,6667
864,Cristie,3,1129
865,Aura,68,780
866,Etheline,1,4933
867,Lorrie,15,8410
868,Riley,93,7632
869,Garland,41,6294
870,Ogdon,81,8015
871,Godfry,25,8043
872,Horatia,88,1099
873,Nicolea,35,6616
874,Arly,27,8613
875,Levi,30,3068
876,Olenka,13,1565
877,Brandais,6,1536
878,Denna,32,5110
879,Lexy,12,3631
880,Haze,42,1616
881,Chantalle,98,2457
882,Torrance,43,8793
883,Wilmer,95,7681
884,Corella,42,5937
885,Marlena,83,1065
886,Jacquelynn,93,1586
887,Kirbee,86,2397
888,Robina,53,9419
889,Carri,1,2693
890,Galen,35,7482
891,Murvyn,5,3025
892,Stephanus,45,2356
893,Lucian,8,2493
894,Malina,15,7057
895,Mattie,45,6508
896,Gaynor,94,2624
897,Ginger,77,4875
898,Cthrine,34,4557
899,Celestine,12,6492
900,Ashby,53,4996
901,Billy,13,2984
902,Aida,53,2801
903,Odette,36,9804
904,Leeann,21,985
905,Trudy,77,5806
906,Hadria,30,4061
907,Evvie,39,7279
908,Xena,88,1853
909,Beilul,79,1853
910,Filip,77,8079
911,Keary,13,6531
912,Codie,32,6679
913,Avrom,76,1275
914,Dew,46,1056
915,Silvio,79,3875
916,Hastings,8,3354
917,Vivianna,20,7558
918,Clayborne,47,8726
919,Caryl,41,9944
920,Udale,44,8055
921,Kane,59,4204
922,Josey,92,7011
923,Palmer,84,8759
924,Alvera,52,1787
925,Kelbee,89,7383
926,Martie,24,4195
927,Tiebout,66,2909
928,Cindra,51,36
929,Pegeen,23,8997
930,Sosanna,15,2130
931,Jeanette,45,5430
932,Chelsey,94,2649
933,Lian,5,5334
934,Tamara,71,1514
935,Mill,61,4265
936,Rozele,76,7827
937,Stesha,83,5704
938,Salaidh,11,4279
939,Zeb,48,2318
940,Claudina,19,2839
941,Mechelle,28,6691
942,Stefania,81,2921
943,Felipe,53,4899
944,Luigi,97,2705
945,Trish,89,6755
946,Christen,87,1089
947,Joannes,48,3186
948,Reade,75,4821
949,Tirrell,74,5388
950,Jim,12,9467
951,Martainn,1,8156
952,Verney,4,6257
953,Sibella,15,6537
954,Rivalee,25,4078
955,Ashlee,43,734
956,Courtnay,67,7103
957,Roseanne,49,4371
958,Clim,9,8355
959,Dawn,14,2129
960,Jarid,38,9283
961,Arv,79,149
962,Fleur,27,993
963,Nappy,69,6067
964,Mignonne,90,8152
965,Tracy,59,429
966,Ivette,94,7207
967,Addie,22,1397
968,Celinka,84,3965
969,Maire,82,4235
970,Hayyim,95,7543
971,Caritta,65,761
972,Tillie,75,7268
973,Rebe,92,780
974,Gunilla,78,2192
975,Larissa,49,4633
976,Lil,10,6141
977,Grove,98,5204
978,Kate,93,5897
979,Theodor,23,3333
980,Bastien,67,8078
981,Goddart,78,116
982,Ailene,5,987
983,Angy,76,576
984,Mikkel,6,117
985,Jeniece,66,8498
986,Prisca,2,6181
987,Cullin,3,3528
988,Morley,95,7852
989,Andre,100,9074
990,Ramsey,24,657
991,Dallon,92,5091
992,Herrick,78,3718
993,Karie,93,6674
994,Ulrike,99,6951
995,Hart,72,6358
996,Morris,12,5956
997,Brady,16,1648
998,Ariadne,38,5660
1000,Alberto,33,2501
1001,Junior,600,45
1002,Samuel,300,15
